<?xml version="1.0" encoding="UTF-8"?>
<project-private xmlns="http://www.netbeans.org/ns/project-private/1">
    <editor-bookmarks xmlns="http://www.netbeans.org/ns/editor-bookmarks/2" lastBookmarkId="0"/>
    <open-files xmlns="http://www.netbeans.org/ns/projectui-open-files/2">
        <group>
            <file>file:/D:/repos/Proyecto-Progra/proyecto%20progra/src/proyecto/Usuarios.java</file>
            <file>file:/D:/repos/Proyecto-Progra/proyecto%20progra/src/proyecto/Facturacion.java</file>
            <file>file:/D:/repos/Proyecto-Progra/proyecto%20progra/src/proyecto/Main.java</file>
            <file>file:/D:/repos/Proyecto-Progra/proyecto%20progra/src/proyecto/CatalogodeCategoriasdeProductos.java</file>
            <file>file:/D:/repos/Proyecto-Progra/proyecto%20progra/src/proyecto/Menu.java</file>
            <file>file:/D:/repos/Proyecto-Progra/proyecto%20progra/src/proyecto/RegistrodeUsuarios.java</file>
            <file>file:/D:/repos/Proyecto-Progra/proyecto%20progra/src/proyecto/CatalogoEmpleados.java</file>
            <file>file:/D:/repos/Proyecto-Progra/proyecto%20progra/src/proyecto/Bienvenida.java</file>
        </group>
    </open-files>
</project-private>
